-- 职级表数据 8条 --
INSERT INTO post_level(lid,level,nick_name,description) VALUES ('p1',1,'业务专员','基层员工');
INSERT INTO post_level(lid,level,nick_name,description) VALUES ('p2',2,'高级业务专员','基层员工');
INSERT INTO post_level(lid,level,nick_name,description) VALUES ('p3',3,'资深业务专员','基层领导');
INSERT INTO post_level(lid,level,nick_name,description) VALUES ('p4',4,'业务经理','基层领导');
INSERT INTO post_level(lid,level,nick_name,description) VALUES ('p5',5,'高级业务经理','中基层领导');
INSERT INTO post_level(lid,level,nick_name,description) VALUES ('p6',6,'资深业务经理','中层领导');
INSERT INTO post_level(lid,level,nick_name,description) VALUES ('p7',7,'总经理助理','高层领导');
INSERT INTO post_level(lid,level,nick_name,description) VALUES ('p8',8,'总经理','决策层');
-- 薪酬补贴等级表数据 8条 --
INSERT INTO salary_level(level,bonus,extra_subsidy,level_subsidy,phone_subsidy,vehicle_subsidy,lunch_subsidy,house_subsidy)VALUES (1,500,1000,200,100,200,200,100);
INSERT INTO salary_level(level,bonus,extra_subsidy,level_subsidy,phone_subsidy,vehicle_subsidy,lunch_subsidy,house_subsidy)VALUES (2,700,1200,300,100,200,300,200);
INSERT INTO salary_level(level,bonus,extra_subsidy,level_subsidy,phone_subsidy,vehicle_subsidy,lunch_subsidy,house_subsidy)VALUES (3,1000,1500,500,200,300,500,500);
INSERT INTO salary_level(level,bonus,extra_subsidy,level_subsidy,phone_subsidy,vehicle_subsidy,lunch_subsidy,house_subsidy)VALUES (4,2000,2000,800,500,500,800,700);
INSERT INTO salary_level(level,bonus,extra_subsidy,level_subsidy,phone_subsidy,vehicle_subsidy,lunch_subsidy,house_subsidy)VALUES (5,2200,2200,1000,600,500,1000,1000);
INSERT INTO salary_level(level,bonus,extra_subsidy,level_subsidy,phone_subsidy,vehicle_subsidy,lunch_subsidy,house_subsidy)VALUES (6,2500,2500,1500,1000,1000,2000,2000);
INSERT INTO salary_level(level,bonus,extra_subsidy,level_subsidy,phone_subsidy,vehicle_subsidy,lunch_subsidy,house_subsidy)VALUES (7,4000,5000,3000,2000,2000,5000,3000);
INSERT INTO salary_level(level,bonus,extra_subsidy,level_subsidy,phone_subsidy,vehicle_subsidy,lunch_subsidy,house_subsidy)VALUES (8,5000,8000,5000,2500,2000,5000,5000);
-- 职位表数据 53条 --
INSERT INTO post(pid,post_name,description,lid) VALUES (9999,'战略执行总监','企业最高领导，负责判断企业的发展方向和重大决策的调整','p8');
INSERT INTO post(pid,post_name,description,lid) VALUES (1,'常务副总监','企业高层领导，负责辅助执行总监','p7');
INSERT INTO post(pid,post_name,description,lid) VALUES (2,'人力资源总监','企业高层领导，负责整个企业的人力资源调度','p7');
INSERT INTO post(pid,post_name,description,lid) VALUES (3,'行政总监','企业高层领导，负责整个企业的行政管理','p7');
INSERT INTO post(pid,post_name,description,lid) VALUES (4,'财务总监','企业高层领导，负责整个企业的财务管理','p7');
INSERT INTO post(pid,post_name,description,lid) VALUES (5,'技术总监','企业高层领导，负责整个企业的信息化与技术架构','p7');
INSERT INTO post(pid,post_name,description,lid) VALUES (6,'市场销售总监','企业高层领导，负责整个企业的产品营销和市场生产链以及对外洽谈','p7');
INSERT INTO post(pid,post_name,description,lid) VALUES (7,'法务总监','企业高层领导，负责整个企业的法律事物相关','p7');
INSERT INTO post(pid,post_name,description,lid) VALUES (8,'人力资源资深经理','','p6');
INSERT INTO post(pid,post_name,description,lid) VALUES (9,'人力资源高级经理','','p5');
INSERT INTO post(pid,post_name,description,lid) VALUES (10,'人力资源经理','','p4');
INSERT INTO post(pid,post_name,description,lid) VALUES (11,'人力资源资深专员','','p3');
INSERT INTO post(pid,post_name,description,lid) VALUES (12,'人力资源高级专员','','p2');
INSERT INTO post(pid,post_name,description,lid) VALUES (13,'人力资源专员','','p1');
INSERT INTO post(pid,post_name,description,lid) VALUES (14,'行政资深经理','','p6');
INSERT INTO post(pid,post_name,description,lid) VALUES (15,'行政高级经理','','p5');
INSERT INTO post(pid,post_name,description,lid) VALUES (16,'行政经理','','p4');
INSERT INTO post(pid,post_name,description,lid) VALUES (17,'行政资深专员','','p3');
INSERT INTO post(pid,post_name,description,lid) VALUES (18,'行政高级专员','','p2');
INSERT INTO post(pid,post_name,description,lid) VALUES (19,'行政专员','','p1');
INSERT INTO post(pid,post_name,description,lid) VALUES (20,'财务资深经理','','p6');
INSERT INTO post(pid,post_name,description,lid) VALUES (21,'财务高级经理','','p5');
INSERT INTO post(pid,post_name,description,lid) VALUES (22,'财务经理','','p4');
INSERT INTO post(pid,post_name,description,lid) VALUES (23,'财务资深专员','','p3');
INSERT INTO post(pid,post_name,description,lid) VALUES (24,'财务高级专员','','p2');
INSERT INTO post(pid,post_name,description,lid) VALUES (25,'财务专员','','p1');
INSERT INTO post(pid,post_name,description,lid) VALUES (26,'资深技术经理','','p6');
INSERT INTO post(pid,post_name,description,lid) VALUES (27,'资深项目经理','','p6');
INSERT INTO post(pid,post_name,description,lid) VALUES (28,'资深产品经理','','p6');
INSERT INTO post(pid,post_name,description,lid) VALUES (29,'高级技术经理','','p5');
INSERT INTO post(pid,post_name,description,lid) VALUES (30,'高级项目经理','','p5');
INSERT INTO post(pid,post_name,description,lid) VALUES (31,'高级产品经理','','p5');
INSERT INTO post(pid,post_name,description,lid) VALUES (32,'技术经理','','p4');
INSERT INTO post(pid,post_name,description,lid) VALUES (33,'项目经理','','p4');
INSERT INTO post(pid,post_name,description,lid) VALUES (34,'资深产品经理助理','','p4');
INSERT INTO post(pid,post_name,description,lid) VALUES (35,'资深软件工程师','','p3');
INSERT INTO post(pid,post_name,description,lid) VALUES (36,'高级产品经理助理','','p3');
INSERT INTO post(pid,post_name,description,lid) VALUES (37,'高级软件工程师','','p2');
INSERT INTO post(pid,post_name,description,lid) VALUES (38,'产品经理','','p2');
INSERT INTO post(pid,post_name,description,lid) VALUES (39,'软件工程师','','p1');
INSERT INTO post(pid,post_name,description,lid) VALUES (40,'产品经理助理','','p1');
INSERT INTO post(pid,post_name,description,lid) VALUES (41,'市场销售资深经理','','p6');
INSERT INTO post(pid,post_name,description,lid) VALUES (42,'市场销售高级经理','','p5');
INSERT INTO post(pid,post_name,description,lid) VALUES (43,'市场销售经理','','p4');
INSERT INTO post(pid,post_name,description,lid) VALUES (44,'市场销售资深专员','','p3');
INSERT INTO post(pid,post_name,description,lid) VALUES (45,'市场销售高级专员','','p2');
INSERT INTO post(pid,post_name,description,lid) VALUES (46,'市场销售专员','','p1');
INSERT INTO post(pid,post_name,description,lid) VALUES (47,'法务资深经理','','p6');
INSERT INTO post(pid,post_name,description,lid) VALUES (48,'法务高级经理','','p5');
INSERT INTO post(pid,post_name,description,lid) VALUES (49,'法务经理','','p4');
INSERT INTO post(pid,post_name,description,lid) VALUES (50,'法务资深专员','','p3');
INSERT INTO post(pid,post_name,description,lid) VALUES (51,'法务高级专员','','p2');
INSERT INTO post(pid,post_name,description,lid) VALUES (52,'法务专员','','p1');
-- 部门表数据 45条 --
INSERT INTO department(did,department_name,description,pdid) VALUES (1,'总经办','负责公司的发展方向以及战略决策',0);
INSERT INTO department(did,department_name,description,pdid) VALUES (2,'人资部','负责公司的人力资源事务',1);
INSERT INTO department(did,department_name,description,pdid) VALUES (3,'行政部','负责公司的行政事务',1);
INSERT INTO department(did,department_name,description,pdid) VALUES (4,'财务部','负责公司的财务管理事务',1);
INSERT INTO department(did,department_name,description,pdid) VALUES (5,'技术部','负责公司的信息技术化',1);
INSERT INTO department(did,department_name,description,pdid) VALUES (6,'市场部','负责公司的产品策划以及营销',1);
INSERT INTO department(did,department_name,description,pdid) VALUES (7,'法务部','负责公司的法律政策相关事务',1);
INSERT INTO department(did,department_name,description,pdid) VALUES (8,'人资招聘部','负责公司的人事招聘事务',2);
INSERT INTO department(did,department_name,description,pdid) VALUES (9,'人资培训部','负责公司的人事培训资源事务',2);
INSERT INTO department(did,department_name,description,pdid) VALUES (10,'人资管理部','负责公司的人事关系管理事务',2);
INSERT INTO department(did,department_name,description,pdid) VALUES (11,'人资管理一部','',10);
INSERT INTO department(did,department_name,description,pdid) VALUES (12,'人资管理二部','',10);
INSERT INTO department(did,department_name,description,pdid) VALUES (13,'人资管理三部','',10);
INSERT INTO department(did,department_name,description,pdid) VALUES (14,'行政资产部','负责公司固定资产管理和发放',3);
INSERT INTO department(did,department_name,description,pdid) VALUES (15,'行政后勤部','负责公司的后勤事务包括会议室管理',3);
INSERT INTO department(did,department_name,description,pdid) VALUES (16,'财务计划部','负责公司的财务计划管理事务',4);
INSERT INTO department(did,department_name,description,pdid) VALUES (17,'财务管理部','负责公司的财务核算及实际支出等事务',4);
INSERT INTO department(did,department_name,description,pdid) VALUES (18,'财务风险控制部','负责公司的风险控制事务',4);
INSERT INTO department(did,department_name,description,pdid) VALUES (19,'财务管理一部','',17);
INSERT INTO department(did,department_name,description,pdid) VALUES (20,'财务管理二部','',17);
INSERT INTO department(did,department_name,description,pdid) VALUES (21,'财务管理三部','',17);
INSERT INTO department(did,department_name,description,pdid) VALUES (22,'财务风险控制一部','',18);
INSERT INTO department(did,department_name,description,pdid) VALUES (23,'财务风险控制二部','',18);
INSERT INTO department(did,department_name,description,pdid) VALUES (24,'项目部','负责公司的软件项目管理',5);
INSERT INTO department(did,department_name,description,pdid) VALUES (25,'产品部','负责公司的软件项目策划',5);
INSERT INTO department(did,department_name,description,pdid) VALUES (26,'开发部','负责公司的软件项目开发',5);
INSERT INTO department(did,department_name,description,pdid) VALUES (27,'项目一部','',24);
INSERT INTO department(did,department_name,description,pdid) VALUES (28,'项目二部','',24);
INSERT INTO department(did,department_name,description,pdid) VALUES (29,'产品一部','',25);
INSERT INTO department(did,department_name,description,pdid) VALUES (30,'产品二部','',25);
INSERT INTO department(did,department_name,description,pdid) VALUES (31,'开发一部','',26);
INSERT INTO department(did,department_name,description,pdid) VALUES (32,'开发二部','',26);
INSERT INTO department(did,department_name,description,pdid) VALUES (33,'开发三部','',26);
INSERT INTO department(did,department_name,description,pdid) VALUES (34,'移动开发部','',26);
INSERT INTO department(did,department_name,description,pdid) VALUES (35,'Android开发部','',34);
INSERT INTO department(did,department_name,description,pdid) VALUES (36,'IOS开发部','',34);
INSERT INTO department(did,department_name,description,pdid) VALUES (37,'市场策划部','负责公司的实体产品策划',6);
INSERT INTO department(did,department_name,description,pdid) VALUES (38,'市场客服部','负责公司的实体产品反馈及售后',6);
INSERT INTO department(did,department_name,description,pdid) VALUES (39,'市场销售部','负责公司的实体产品销售',6);
INSERT INTO department(did,department_name,description,pdid) VALUES (40,'市场销售一部','',39);
INSERT INTO department(did,department_name,description,pdid) VALUES (41,'市场销售二部','',39);
INSERT INTO department(did,department_name,description,pdid) VALUES (42,'市场销售三部','',39);
INSERT INTO department(did,department_name,description,pdid) VALUES (43,'法务风险预防部','负责公司的法律风险预防及事中控制事务',7);
INSERT INTO department(did,department_name,description,pdid) VALUES (44,'法务风险管理部','负责公司的法律风险事后处置事务',7);
INSERT INTO department(did,department_name,description,pdid) VALUES (45,'法务支持部','负责为公司提供法律支持',7);